{"additional_data":{"seed":3396635703},"timestamp":0,"type":"seed"}
{"additional_data":{"x":382.0,"y":135.0},"timestamp":2766,"type":"create_hole"}
{"additional_data":{"x":378.333343505859,"y":28.3333339691162},"timestamp":2990,"type":"create_hole"}
{"additional_data":{"x":507.333343505859,"y":47.0},"timestamp":3387,"type":"create_hole"}
{"additional_data":{"x":526.333374023438,"y":211.66667175293},"timestamp":4799,"type":"create_hole"}
{"additional_data":{"x":357.666687011719,"y":264.666687011719},"timestamp":14165,"type":"create_hole"}
{"additional_data":{"x":477.333343505859,"y":310.0},"timestamp":14946,"type":"create_hole"}
{"additional_data":{"x":324.0,"y":347.0},"timestamp":15618,"type":"create_hole"}
{"additional_data":{"x":234.333343505859,"y":299.666687011719},"timestamp":16382,"type":"create_hole"}
{"additional_data":{"x":252.333343505859,"y":274.333343505859},"timestamp":16673,"type":"create_hole"}
{"additional_data":{"x":270.666687011719,"y":99.0},"timestamp":17558,"type":"create_hole"}
{"additional_data":{"x":242.0,"y":46.3333358764648},"timestamp":18261,"type":"create_hole"}
{"additional_data":{"x":175.333343505859,"y":125.333335876465},"timestamp":19019,"type":"create_hole"}
{"additional_data":{"x":129.66667175293,"y":230.0},"timestamp":20825,"type":"create_hole"}
