{"additional_data":{"seed":3620509370},"timestamp":0,"type":"seed"}
{"additional_data":{"x":384.333343505859,"y":113.0},"timestamp":9118,"type":"create_hole"}
{"additional_data":{"x":320.666687011719,"y":203.66667175293},"timestamp":9337,"type":"create_hole"}
{"additional_data":{"x":335.333343505859,"y":292.666687011719},"timestamp":9646,"type":"create_hole"}
{"additional_data":{"x":483.0,"y":261.333343505859},"timestamp":9906,"type":"create_hole"}
{"additional_data":{"x":539.666687011719,"y":95.3333358764648},"timestamp":10270,"type":"create_hole"}
{"additional_data":{"x":504.666687011719,"y":17.0},"timestamp":10531,"type":"create_hole"}
{"additional_data":{"x":315.0,"y":24.3333339691162},"timestamp":10943,"type":"create_hole"}
{"additional_data":{"x":252.0,"y":79.6666717529297},"timestamp":11373,"type":"create_hole"}
{"additional_data":{"x":175.66667175293,"y":136.333343505859},"timestamp":11767,"type":"create_hole"}
{"additional_data":{"x":102.333335876465,"y":7.66666698455811},"timestamp":12423,"type":"create_hole"}
{"additional_data":{"x":33.3333358764648,"y":95.6666717529297},"timestamp":12702,"type":"create_hole"}
{"additional_data":{"x":38.0,"y":255.0},"timestamp":13169,"type":"create_hole"}
{"additional_data":{"x":55.0,"y":318.0},"timestamp":13496,"type":"create_hole"}
{"additional_data":{"x":200.66667175293,"y":335.0},"timestamp":13744,"type":"create_hole"}
{"additional_data":{"x":207.333343505859,"y":132.0},"timestamp":38742,"type":"create_hole"}
{"additional_data":{"x":119.0,"y":150.0},"timestamp":38999,"type":"create_hole"}
{"additional_data":{"x":100.66667175293,"y":52.3333358764648},"timestamp":39276,"type":"create_hole"}
{"additional_data":{"x":72.6666717529297,"y":145.0},"timestamp":39755,"type":"create_hole"}
