{"additional_data":{"seed":2804204349},"timestamp":0,"type":"seed"}
{"additional_data":{"x":120.333335876465,"y":239.0},"timestamp":6079,"type":"create_hole"}
{"additional_data":{"x":85.3333358764648,"y":298.333343505859},"timestamp":6406,"type":"create_hole"}
{"additional_data":{"x":208.66667175293,"y":288.0},"timestamp":6618,"type":"create_hole"}
{"additional_data":{"x":288.0,"y":151.333343505859},"timestamp":6879,"type":"create_hole"}
{"additional_data":{"x":224.66667175293,"y":110.0},"timestamp":7115,"type":"create_hole"}
{"additional_data":{"x":100.333335876465,"y":72.3333358764648},"timestamp":7698,"type":"create_hole"}
{"additional_data":{"x":168.333343505859,"y":32.0},"timestamp":7928,"type":"create_hole"}
