{"additional_data":{"seed":922283980},"timestamp":0,"type":"seed"}
{"additional_data":{"x":418,"y":14.6666669845581},"timestamp":6496,"type":"create_hole"}
{"additional_data":{"x":297.666687011719,"y":112.333335876465},"timestamp":7872,"type":"create_hole"}
{"additional_data":{"x":387.666687011719,"y":283.333343505859},"timestamp":9284,"type":"create_hole"}
{"additional_data":{"x":571,"y":311.666687011719},"timestamp":10691,"type":"create_hole"}
{"additional_data":{"x":411.666687011719,"y":105.66667175293},"timestamp":12401,"type":"create_hole"}
{"additional_data":{"x":621,"y":175.333343505859},"timestamp":13759,"type":"create_hole"}
{"additional_data":{"x":616.666687011719,"y":12.3333339691162},"timestamp":15249,"type":"create_hole"}
