{"additional_data":{"seed":715918796},"timestamp":0,"type":"seed"}
{"additional_data":{"x":199.66667175293,"y":107.333335876465},"timestamp":2653,"type":"create_hole"}
{"additional_data":{"x":135,"y":175.66667175293},"timestamp":3139,"type":"create_hole"}
{"additional_data":{"x":115.333335876465,"y":103},"timestamp":3920,"type":"create_hole"}
{"additional_data":{"x":104,"y":94.6666717529297},"timestamp":5175,"type":"create_hole"}
{"additional_data":{"x":105,"y":94.6666717529297},"timestamp":5739,"type":"create_hole"}
{"additional_data":{"x":102.66667175293,"y":93},"timestamp":6024,"type":"create_hole"}
{"additional_data":{"x":98.3333358764648,"y":91.3333358764648},"timestamp":6303,"type":"create_hole"}
{"additional_data":{"x":98.3333358764648,"y":91},"timestamp":6594,"type":"create_hole"}
{"additional_data":{"x":98.3333358764648,"y":90.6666717529297},"timestamp":6885,"type":"create_hole"}
{"additional_data":{"x":93.6666717529297,"y":88.6666717529297},"timestamp":7127,"type":"create_hole"}
{"additional_data":{"x":87.6666717529297,"y":74.6666717529297},"timestamp":12055,"type":"create_hole"}
{"additional_data":{"x":83.6666717529297,"y":72.6666717529297},"timestamp":12437,"type":"create_hole"}
{"additional_data":{"x":83,"y":72.6666717529297},"timestamp":12753,"type":"create_hole"}
{"additional_data":{"x":92.3333358764648,"y":71.3333358764648},"timestamp":13195,"type":"create_hole"}
{"additional_data":{"x":99.6666717529297,"y":72.3333358764648},"timestamp":13438,"type":"create_hole"}
{"additional_data":{"x":110.333335876465,"y":71.3333358764648},"timestamp":13753,"type":"create_hole"}
{"additional_data":{"x":87.3333358764648,"y":63.3333358764648},"timestamp":14535,"type":"create_hole"}
{"additional_data":{"x":79,"y":70.6666717529297},"timestamp":15407,"type":"create_hole"}
{"additional_data":{"x":75,"y":78.6666717529297},"timestamp":15674,"type":"create_hole"}
{"additional_data":{"x":71.6666717529297,"y":81.6666717529297},"timestamp":15881,"type":"create_hole"}
{"additional_data":{"x":69.6666717529297,"y":83.3333358764648},"timestamp":16262,"type":"create_hole"}
{"additional_data":{"x":63.3333358764648,"y":89.6666717529297},"timestamp":16572,"type":"create_hole"}
{"additional_data":{"x":58,"y":101.66667175293},"timestamp":17311,"type":"create_hole"}
{"additional_data":{"x":60.6666679382324,"y":105},"timestamp":17541,"type":"create_hole"}
{"additional_data":{"x":64.3333358764648,"y":113.66667175293},"timestamp":17875,"type":"create_hole"}
{"additional_data":{"x":65.3333358764648,"y":126.66667175293},"timestamp":18245,"type":"create_hole"}
{"additional_data":{"x":101.66667175293,"y":50.6666679382324},"timestamp":19705,"type":"create_hole"}
{"additional_data":{"x":92,"y":50},"timestamp":19942,"type":"create_hole"}
{"additional_data":{"x":91.3333358764648,"y":47},"timestamp":20360,"type":"create_hole"}
{"additional_data":{"x":91.6666717529297,"y":46.6666679382324},"timestamp":20608,"type":"create_hole"}
{"additional_data":{"x":77,"y":45.6666679382324},"timestamp":20900,"type":"create_hole"}
{"additional_data":{"x":71.3333358764648,"y":44.6666679382324},"timestamp":21160,"type":"create_hole"}
{"additional_data":{"x":74,"y":43.6666679382324},"timestamp":21403,"type":"create_hole"}
{"additional_data":{"x":101.333335876465,"y":44},"timestamp":21821,"type":"create_hole"}
{"additional_data":{"x":218.333343505859,"y":103},"timestamp":22519,"type":"create_hole"}
{"additional_data":{"x":220,"y":102},"timestamp":22791,"type":"create_hole"}
{"additional_data":{"x":218,"y":94},"timestamp":23179,"type":"create_hole"}
{"additional_data":{"x":222.66667175293,"y":98.6666717529297},"timestamp":23537,"type":"create_hole"}
{"additional_data":{"x":229.333343505859,"y":111},"timestamp":23888,"type":"create_hole"}
