{"additional_data":{"seed":836154979},"timestamp":0,"type":"seed"}
{"additional_data":{"x":571.333374023438,"y":242.66667175293},"timestamp":1972,"type":"create_hole"}
{"additional_data":{"x":393.666687011719,"y":246.66667175293},"timestamp":2324,"type":"create_hole"}
{"additional_data":{"x":360,"y":145},"timestamp":2761,"type":"create_hole"}
{"additional_data":{"x":447.333343505859,"y":58.6666679382324},"timestamp":3173,"type":"create_hole"}
{"additional_data":{"x":579.333374023438,"y":95.3333358764648},"timestamp":3544,"type":"create_hole"}
{"additional_data":{"x":497.666687011719,"y":115.333335876465},"timestamp":5611,"type":"create_hole"}
{"additional_data":{"x":528,"y":210.333343505859},"timestamp":13042,"type":"create_hole"}
{"additional_data":{"x":423.333343505859,"y":181},"timestamp":13370,"type":"create_hole"}
{"additional_data":{"x":440.333343505859,"y":96.3333358764648},"timestamp":13721,"type":"create_hole"}
{"additional_data":{"x":491,"y":93},"timestamp":14091,"type":"create_hole"}
{"additional_data":{"x":540.333374023438,"y":121.333335876465},"timestamp":14612,"type":"create_hole"}
{"additional_data":{"x":552.666687011719,"y":111.66667175293},"timestamp":15036,"type":"create_hole"}
{"additional_data":{"x":488.333343505859,"y":90.3333358764648},"timestamp":15625,"type":"create_hole"}
{"additional_data":{"x":480.666687011719,"y":84},"timestamp":15915,"type":"create_hole"}
{"additional_data":{"x":456.666687011719,"y":68.6666717529297},"timestamp":17262,"type":"create_hole"}
{"additional_data":{"x":386.666687011719,"y":114},"timestamp":19098,"type":"create_hole"}
{"additional_data":{"x":375.666687011719,"y":201.333343505859},"timestamp":20116,"type":"create_hole"}
{"additional_data":{"x":432,"y":237.333343505859},"timestamp":21315,"type":"create_hole"}
{"additional_data":{"x":522.666687011719,"y":246},"timestamp":22043,"type":"create_hole"}
{"additional_data":{"x":571.666687011719,"y":211.66667175293},"timestamp":22759,"type":"create_hole"}
{"additional_data":{"x":581,"y":126.333335876465},"timestamp":23826,"type":"create_hole"}
{"additional_data":{"x":560.333374023438,"y":98.6666717529297},"timestamp":24468,"type":"create_hole"}
{"additional_data":{"x":559.333374023438,"y":93.6666717529297},"timestamp":24778,"type":"create_hole"}
{"additional_data":{"x":565,"y":96},"timestamp":25129,"type":"create_hole"}
{"additional_data":{"x":575.333374023438,"y":96.6666717529297},"timestamp":25378,"type":"create_hole"}
{"additional_data":{"x":432.666687011719,"y":81.6666717529297},"timestamp":26621,"type":"create_hole"}
{"additional_data":{"x":430,"y":80.6666717529297},"timestamp":26882,"type":"create_hole"}
{"additional_data":{"x":429.666687011719,"y":78.6666717529297},"timestamp":27181,"type":"create_hole"}
{"additional_data":{"x":364,"y":153},"timestamp":28045,"type":"create_hole"}
{"additional_data":{"x":364,"y":155},"timestamp":28362,"type":"create_hole"}
{"additional_data":{"x":368.333343505859,"y":146.66667175293},"timestamp":28628,"type":"create_hole"}
{"additional_data":{"x":372.333343505859,"y":137.333343505859},"timestamp":28924,"type":"create_hole"}
{"additional_data":{"x":367,"y":150.333343505859},"timestamp":29295,"type":"create_hole"}
{"additional_data":{"x":367,"y":159},"timestamp":29542,"type":"create_hole"}
{"additional_data":{"x":534.333374023438,"y":190.333343505859},"timestamp":33749,"type":"create_hole"}
{"additional_data":{"x":464.333343505859,"y":185.66667175293},"timestamp":33985,"type":"create_hole"}
{"additional_data":{"x":420.333343505859,"y":144.66667175293},"timestamp":34295,"type":"create_hole"}
{"additional_data":{"x":488.333343505859,"y":108},"timestamp":34544,"type":"create_hole"}
{"additional_data":{},"timestamp":35683,"type":"next_wall"}
{"additional_data":{"x":522.666687011719,"y":36.6666679382324},"timestamp":36780,"type":"create_hole"}
{"additional_data":{"x":606,"y":107.333335876465},"timestamp":37678,"type":"create_hole"}
{"additional_data":{"x":581.333374023438,"y":38.3333358764648},"timestamp":38012,"type":"create_hole"}
{"additional_data":{"x":591.333374023438,"y":253.333343505859},"timestamp":38574,"type":"create_hole"}
{"additional_data":{"x":413.666687011719,"y":294},"timestamp":39247,"type":"create_hole"}
{"additional_data":{},"timestamp":40423,"type":"next_wall"}
{"additional_data":{"x":522,"y":42},"timestamp":41345,"type":"create_hole"}
{"additional_data":{"x":345.333343505859,"y":49},"timestamp":41581,"type":"create_hole"}
{"additional_data":{"x":256.666687011719,"y":115.333335876465},"timestamp":41836,"type":"create_hole"}
{"additional_data":{"x":245,"y":45.3333358764648},"timestamp":42320,"type":"create_hole"}
{"additional_data":{"x":339,"y":39.3333358764648},"timestamp":42702,"type":"create_hole"}
{"additional_data":{"x":530,"y":294.666687011719},"timestamp":45115,"type":"create_hole"}
{"additional_data":{"x":428.333343505859,"y":303.666687011719},"timestamp":45490,"type":"create_hole"}
