{"additional_data":{"seed":1019108464},"timestamp":0,"type":"seed"}
{"additional_data":{"x":286.333343505859,"y":204.333343505859},"timestamp":1237,"type":"create_hole"}
{"additional_data":{"x":346.666687011719,"y":61.3333358764648},"timestamp":1485,"type":"create_hole"}
{"additional_data":{"x":396.666687011719,"y":181},"timestamp":1734,"type":"create_hole"}
{"additional_data":{"x":240.333343505859,"y":97.3333358764648},"timestamp":2049,"type":"create_hole"}
{"additional_data":{"x":202,"y":12.6666669845581},"timestamp":2309,"type":"create_hole"}
{"additional_data":{"x":147,"y":74.3333358764648},"timestamp":2558,"type":"create_hole"}
{"additional_data":{"x":131.66667175293,"y":204.333343505859},"timestamp":2807,"type":"create_hole"}
{"additional_data":{"x":289.333343505859,"y":58.3333358764648},"timestamp":3032,"type":"create_hole"}
{"additional_data":{"x":321.333343505859,"y":33.3333358764648},"timestamp":3425,"type":"create_hole"}
{"additional_data":{"x":456.333343505859,"y":58.6666679382324},"timestamp":3710,"type":"create_hole"}
{"additional_data":{"x":531.666687011719,"y":119.66667175293},"timestamp":3959,"type":"create_hole"}
{"additional_data":{"x":545,"y":208.66667175293},"timestamp":4220,"type":"create_hole"}
{"additional_data":{"x":492,"y":30},"timestamp":4499,"type":"create_hole"}
{"additional_data":{"x":559.333374023438,"y":171.66667175293},"timestamp":4789,"type":"create_hole"}
{"additional_data":{"x":561.333374023438,"y":292.333343505859},"timestamp":5153,"type":"create_hole"}
{"additional_data":{"x":448.666687011719,"y":355.666687011719},"timestamp":5414,"type":"create_hole"}
{"additional_data":{"x":319.333343505859,"y":329.333343505859},"timestamp":5674,"type":"create_hole"}
{"additional_data":{"x":367.333343505859,"y":259},"timestamp":5917,"type":"create_hole"}
{"additional_data":{"x":475.666687011719,"y":272},"timestamp":6204,"type":"create_hole"}
{"additional_data":{"x":498.666687011719,"y":334},"timestamp":6450,"type":"create_hole"}
{"additional_data":{"x":508,"y":353.333343505859},"timestamp":6735,"type":"create_hole"}
{"additional_data":{"x":227,"y":285},"timestamp":7086,"type":"create_hole"}
{"additional_data":{"x":198.66667175293,"y":202.333343505859},"timestamp":7335,"type":"create_hole"}
{"additional_data":{"x":133.66667175293,"y":298.333343505859},"timestamp":7711,"type":"create_hole"}
{"additional_data":{"x":217,"y":348.333343505859},"timestamp":7986,"type":"create_hole"}
{"additional_data":{"x":184.333343505859,"y":349.333343505859},"timestamp":10648,"type":"create_hole"}
{"additional_data":{"x":83.3333358764648,"y":297.333343505859},"timestamp":11442,"type":"create_hole"}
{"additional_data":{"x":44,"y":161},"timestamp":11825,"type":"create_hole"}
{"additional_data":{"x":51,"y":92},"timestamp":12127,"type":"create_hole"}
